[{"id":"0","firstName":"Yash","lastName":"Pandey","gender":"MALE","address":{"line1":"aaaaaaaaaaaaaaaaaa","line2":"hmm","city":"Indore","country":"INDIA","zipCode":"12"},"email":"pandey@email.com","phone":"1234567890"},{"id":"1","firstName":"abc","lastName":"def","gender":"MALE","address":{"line1":"Mandatory, Any String/Symbol/Characters, Min. Length 8","line2":"Optional, Any String/Symbol/Characters, any length","city":"Indore","country":"INDIA","zipCode":"123456"},"email":"abc@gmail.com","phone":"0123456789"},{"id":"2","firstName":"Shambu","lastName":"pandey","gender":"MALE","address":{"line1":"Mandatory, Any String/Symbol/Characters, Min. Length 8","line2":"Optional, Any String/Symbol/Characters, any length","city":"Indore","country":"INDIA","zipCode":"123456"},"email":"ss@email.com","phone":"1112223330"},{"id":"3","firstName":"ykp","lastName":"pandey","gender":"MALE","address":{"line1":"Mandatory, Any String/Symbol/Characters, Min. Length 8","line2":"Optional, Any String/Symbol/Characters, any length","city":"Indore","country":"INDIA","zipCode":"123456"},"email":"ykp@gmail.com","phone":"4445556660"},{"firstName":"RAM","lastName":"RAM","gender":"MALE","address":{"line1":"Mandatory, Any String/Symbol/Characters, Min. Length 8","line2":"Optional, Any String/Symbol/Characters, any length","city":"Ayodhya","country":"INDIA","zipCode":"123356"},"email":"ram@gmail.com","phone":"1111122222","id":"5"},{"firstName":"RAM","lastName":"RAM","gender":"MALE","address":{"line1":"Mandatory, Any String/Symbol/Characters, Min. Length 8","line2":"Optional, Any String/Symbol/Characters, any length","city":"Ayodhya","country":"INDIA","zipCode":"123356"},"email":"ram@gmail.com","phone":"1231010100","id":"6"},{"firstName":"RAM","lastName":"RAM","gender":"MALE","address":{"line1":"Mandatory, Any String/Symbol/Characters, Min. Length 8","line2":"Optional, Any String/Symbol/Characters, any length","city":"Ayodhya","country":"INDIA","zipCode":"123356"},"email":"RAM@gmail.com","phone":"1231010100","id":"7"},{"firstName":"Mahadev","lastName":"Shambhu","gender":"MALE","address":{"line1":"Mandatory, Any String/Symbol/Characters, Min. Length 8","line2":"Optional, Any String/Symbol/Characters, any length","city":"Kailash","country":"INDIA","zipCode":"0000000"},"email":"mahadev@gmail.com","phone":"0000000001","id":"1688298122219"}]