[
    {
        "firstName": "User",
        "lastName": "user",
        "gender": "MALE",
        "address": {
            "line1": "Indore , MP",
            "line2": "",
            "city": "Indore",
            "country": "INDIA",
            "zipCode": "000"
        },
        "email": "test@test.com",
        "phone": "9876543211",
        "id": "FriJul0720231688749949193"
    },
    {
        "firstName": "User02",
        "lastName": "user",
        "gender": "MALE",
        "address": {
            "line1": "Indore , MP",
            "line2": "",
            "city": "Indore",
            "country": "INDIA",
            "zipCode": "02"
        },
        "email": "test2@test.com",
        "phone": "9876543212",
        "id": "FriJul0720231688749977637"
    },
    {
        "firstName": "User",
        "lastName": "user",
        "gender": "MALE",
        "address": {
            "line1": "Indore , MP",
            "line2": "",
            "city": "Indore",
            "country": "INDIA",
            "zipCode": "000"
        },
        "email": "test3@test.com",
        "phone": "9876543213",
        "id": "FriJul0720231688750017766"
    }
]