[
    {
        "firstName": "User01",
        "lastName": "user",
        "gender": "MALE",
        "address": {
            "line1": "Indore , MP",
            "line2": "",
            "city": "Indore",
            "country": "INDIA",
            "zipCode": "01"
        },
        "email": "user1@gmail.com",
        "phone": "1234567891",
        "id": "WedJul0520231688523268451"
    },
    {
        "firstName": "User04",
        "lastName": "user",
        "gender": "MALE",
        "address": {
            "line1": "Indore , MP",
            "line2": "",
            "city": "Indore",
            "country": "INDIA",
            "zipCode": "04"
        },
        "email": "user4@gmail.com",
        "phone": "1234567891",
        "id": "WedJul0520231688523391605"
    },
    {
        "firstName": "User02",
        "lastName": "user",
        "gender": "MALE",
        "address": {
            "line1": "Indore , MP",
            "line2": "",
            "city": "Indore",
            "country": "INDIA",
            "zipCode": "02"
        },
        "email": "user2@gmail.com",
        "phone": "1231010100",
        "id": "WedJul0520231688523425689"
    },
    {
        "firstName": "User03",
        "lastName": "user",
        "gender": "MALE",
        "address": {
            "line1": "Indore , MP",
            "line2": "",
            "city": "Indore",
            "country": "INDIA",
            "zipCode": "03"
        },
        "email": "user3@gmail.com",
        "phone": "1231010199",
        "id": "WedJul0520231688523467857"
    },
    {
        "firstName": "User05",
        "lastName": "user",
        "gender": "MALE",
        "address": {
            "line1": "Indore , MP",
            "line2": "",
            "city": "Indore",
            "country": "INDIA",
            "zipCode": "05"
        },
        "email": "user5@gmail.com",
        "phone": "1231010199",
        "id": "WedJul0520231688523869413"
    },
    {
        "firstName": "User05",
        "lastName": "user",
        "gender": "MALE",
        "address": {
            "line1": "Indore , MP",
            "line2": "",
            "city": "Indore",
            "country": "INDIA",
            "zipCode": "05"
        },
        "email": "user7@gmail.com",
        "phone": "1234567891",
        "id": "WedJul0520231688524002429"
    },
    {
        "firstName": "User05",
        "lastName": "user",
        "gender": "MALE",
        "address": {
            "line1": "Indore , MP",
            "line2": "",
            "city": "Indore",
            "country": "INDIA",
            "zipCode": "05"
        },
        "email": "user7@gmail.com",
        "phone": "1234557891",
        "id": "WedJul0520231688524110977"
    },
    {
        "firstName": "User05",
        "lastName": "user",
        "gender": "MALE",
        "address": {
            "line1": "Indore , MP",
            "line2": "",
            "city": "Indore",
            "country": "INDIA",
            "zipCode": "05"
        },
        "email": "user7@gmail.com",
        "phone": "1239557891",
        "id": "WedJul0520231688524117221"
    },
    {
        "firstName": "User05",
        "lastName": "user",
        "gender": "MALE",
        "address": {
            "line1": "Indore , MP",
            "line2": "",
            "city": "Indore",
            "country": "INDIA",
            "zipCode": "05"
        },
        "email": "user7@gmail.com",
        "phone": "1039557891",
        "id": "WedJul0520231688524123760"
    }
]